Title,Link,Score,Creation_Date
Feasibility of a Local Real-Time Bluetooth Intercom System on Raspberry Pi 5 (Audio Management and Multiple Connections) - Encountered Issues,https://stackoverflow.com/questions/79584004/feasibility-of-a-local-real-time-bluetooth-intercom-system-on-raspberry-pi-5-au,0,1745207646
GPIO pin cleanup,https://stackoverflow.com/questions/79578917/gpio-pin-cleanup,0,1744882100
Pynput on raspberry pi 4 is not receiving keystrokes,https://stackoverflow.com/questions/79577450/pynput-on-raspberry-pi-4-is-not-receiving-keystrokes,0,1744814684
SD Card Corruption in Raspberry Pi-Based Remote Monitoring System: Seeking Solutions,https://stackoverflow.com/questions/79573444/sd-card-corruption-in-raspberry-pi-based-remote-monitoring-system-seeking-solut,-1,1744642687
Raspberry pi: How to use custom chip select with spidev without interfering with the default CE pins,https://stackoverflow.com/questions/79572586/raspberry-pi-how-to-use-custom-chip-select-with-spidev-without-interfering-with,0,1744616076
Ubuntu server with two network interface - Curl,https://stackoverflow.com/questions/79571059/ubuntu-server-with-two-network-interface-curl,0,1744502389
Can I use Dronekit to control pixhawk?,https://stackoverflow.com/questions/79570105/can-i-use-dronekit-to-control-pixhawk,0,1744439322
Reproducing the raspberry pi environment on a M4 (Silicon) Mac,https://stackoverflow.com/questions/79568637/reproducing-the-raspberry-pi-environment-on-a-m4-silicon-mac,0,1744368460
ioctl(UVCIOC_CTRL_SET) FAILED (-1) and /dev/videoX becomes inaccessible until reboot â€” Synexens CS20 on Raspberry Pi 4B,https://stackoverflow.com/questions/79566022/ioctluvcioc-ctrl-set-failed-1-and-dev-videox-becomes-inaccessible-until-re,2,1744271219
Want to capture video from Live Gamer Ultra GC553 on Raspberry Pi 5,https://stackoverflow.com/questions/79566010/want-to-capture-video-from-live-gamer-ultra-gc553-on-raspberry-pi-5,0,1744270742
